Techstack,Links
"React, Node.js, MongoDB",https://github.com/MohdRahim91
"Angular,.NET, SQL Server",https://github.com/MohdRahim91
"Vue.js, Ruby on Rails, PostgreSQL",https://github.com/MohdRahim91
"Python, Django, MySQL",https://github.com/MohdRahim91
"Java, Spring Boot, Oracle",https://github.com/MohdRahim91
"Flutter, Firebase, GraphQL",https://github.com/MohdRahim91
"WordPress, PHP, MySQL",https://github.com/MohdRahim91
"Magento, PHP, MySQL",https://github.com/MohdRahim91
"React Native, Node.js, MongoDB",https://github.com/MohdRahim91
"iOS, Swift, Core Data",https://github.com/MohdRahim91
"Android, Java, Room Persistence",https://github.com/MohdRahim91
"Kotlin, Android, Firebase",https://github.com/MohdRahim91
"Android TV, Kotlin, Android NDK",https://github.com/MohdRahim91
"iOS, Swift, ARKit",https://github.com/MohdRahim91
"Cross-platform, Xamarin, Azure",https://github.com/MohdRahim91
"Backend, Kotlin, Spring Boot",https://github.com/MohdRahim91
"Frontend, TypeScript, Angular",https://github.com/MohdRahim91
"Full-stack, JavaScript, Express.js",https://github.com/MohdRahim91
"Machine Learning, Python, TensorFlow",https://github.com/MohdRahim91
"DevOps, Jenkins, Docker",https://github.com/MohdRahim91
